{"stats":{"minecraft:killed":{"born_in_chaos_v1:zombie_clown":1,"minecraft:cave_spider":2,"born_in_chaos_v1:restless_spirit":1,"minecraft:spider":10,"alexsmobs:seagull":1,"born_in_chaos_v1:skeleton_thrasher_not_despawn":1,"born_in_chaos_v1:thornshell_crab":1,"born_in_chaos_v1:siamese_skeletonsright":2,"born_in_chaos_v1:zombie_bruiser":2,"born_in_chaos_v1:baby_skeleton_minion":2,"born_in_chaos_v1:scarlet_persecutor":3,"born_in_chaos_v1:maggot":1,"born_in_chaos_v1:baby_spider":40,"minecraft:skeleton":6,"born_in_chaos_v1:skeleton_thrasher":2,"born_in_chaos_v1:supreme_bonescaller_stage_2":1,"born_in_chaos_v1:barrel_zombie":1,"born_in_chaos_v1:spiritof_chaos":1,"born_in_chaos_v1:fallen_chaos_knight":1,"minecraft:pig":2,"born_in_chaos_v1:bone_imp_minion":6,"iceandfire:cyclops":1,"minecraft:zombie_villager":1,"born_in_chaos_v1:baby_skeleton":2,"minecraft:salmon":2,"born_in_chaos_v1:mother_spider":4,"minecraft:creeper":1,"born_in_chaos_v1:decrepit_skeleton":4,"born_in_chaos_v1:bloody_gadfly":2,"minecraft:pillager":3,"born_in_chaos_v1:decaying_zombie":1,"minecraft:zombie":10,"iceandfire:ghost":1,"born_in_chaos_v1:corpse_fly":6,"born_in_chaos_v1:bonescaller_not_despawn":2,"minecraft:stray":2,"born_in_chaos_v1:dark_vortex":1,"alexsmobs:moose":1,"iceandfire:ice_dragon":1,"born_in_chaos_v1:nightmare_stalker":1,"born_in_chaos_v1:door_knight":2,"minecraft:enderman":1,"born_in_chaos_v1:siamese_skeletonsleft":1},"minecraft:used":{"born_in_chaos_v1:dark_ritual_dagger":3,"minecraft:oak_trapdoor":1,"minecraft:enchanting_table":1,"minecraft:stone_sword":93,"minecraft:flint_and_steel":737,"minecraft:spruce_planks":5,"minecraft:torch":77,"minecraft:dirt":24,"minecraft:anvil":2,"born_in_chaos_v1:black_argillite_n":2,"minecraft:spruce_fence":1,"minecraft:milk_bucket":1,"minecraft:bookshelf":20,"born_in_chaos_v1:baby_spider_controlled_spawn_egg":88,"minecraft:iron_axe":4,"minecraft:grass_block":41,"minecraft:iron_boots":1,"born_in_chaos_v1:intoxicating_dagger":25,"iceandfire:spawn_egg_cyclops":1,"born_in_chaos_v1:dark_vortex_spawn_egg":9,"tameablebeasts:penguin_spawn_egg":5,"minecraft:golden_carrot":4,"born_in_chaos_v1:mother_spider_spawn_egg":4,"minecraft:sweet_berries":10,"minecraft:goat_horn":1,"minecraft:furnace":3,"minecraft:potato":2,"minecraft:brown_bed":1,"minecraft:cooked_mutton":5,"born_in_chaos_v1:dark_metal_deposit":2,"minecraft:rabbit":1,"minecraft:stone_pickaxe":56,"minecraft:wooden_pickaxe":30,"minecraft:fox_spawn_egg":4,"tameablebeasts:giant_roly_poly_spawn_egg":1,"minecraft:stonecutter":2,"minecraft:sand":40,"minecraft:crafting_table":4,"minecraft:blast_furnace":1,"born_in_chaos_v1:lord_pumpkinhead_spawn_egg":1,"born_in_chaos_v1:spider_bite_sword":92,"minecraft:command_block":1,"minecraft:birch_slab":7,"minecraft:iron_pickaxe":21,"cataclysm:netherite_monstrosity_spawn_egg":1,"iceandfire:ice_dragon_flesh":8,"minecraft:stone_axe":103,"minecraft:diamond_sword":242,"minecraft:wooden_sword":7,"born_in_chaos_v1:rotten_fish":1,"minecraft:cobblestone":23,"alexsmobs:spawn_egg_crow":2,"alexsmobs:animal_dictionary":1,"born_in_chaos_v1:missioner_spawn_egg":1,"minecraft:splash_potion":1},"minecraft:dropped":{"minecraft:feather":1,"minecraft:lead":1,"minecraft:birch_slab":1,"minecraft:cod":1,"minecraft:dirt":3,"born_in_chaos_v1:gnawed_bones":1,"minecraft:torch":1,"minecraft:iron_axe":1,"minecraft:sand":1,"minecraft:spruce_sapling":9,"minecraft:sweet_berries":11,"minecraft:cobbled_deepslate":4,"born_in_chaos_v1:ethereal_spirit":10,"minecraft:white_carpet":1,"minecraft:rotten_flesh":5,"minecraft:light_gray_carpet":1,"iceandfire:dragon_skull_ice":1,"minecraft:pumpkin_seeds":103,"minecraft:spruce_planks":6,"alexsmobs:moose_ribs":1,"minecraft:barrel":1,"minecraft:spider_eye":1,"minecraft:bow":1,"minecraft:arrow":1,"minecraft:wooden_pickaxe":1},"minecraft:picked_up":{"minecraft:iron_chestplate":1,"minecraft:crafting_table":4,"minecraft:wheat":10,"minecraft:splash_potion":3,"minecraft:clay_ball":4,"born_in_chaos_v1:seedof_chaos":14,"minecraft:lead":11,"minecraft:brown_mushroom":2,"minecraft:diamond_sword":1,"minecraft:wooden_pickaxe":5,"minecraft:brown_bed":1,"born_in_chaos_v1:holiday_candy":1,"minecraft:string":69,"minecraft:iron_axe":2,"minecraft:flint_and_steel":1,"minecraft:iron_leggings":1,"born_in_chaos_v1:intoxicating_decoction":2,"minecraft:white_carpet":3,"born_in_chaos_v1:chocolate_heart":14,"minecraft:gold_nugget":6,"minecraft:cobbled_deepslate":4,"minecraft:bucket":1,"iceandfire:frost_lily":10,"minecraft:spruce_planks":39,"minecraft:beef":2,"born_in_chaos_v1:smoldering_infernal_ember":33,"born_in_chaos_v1:gnawed_bones":1,"minecraft:iron_pickaxe":1,"minecraft:sugar_cane":10,"minecraft:iron_boots":1,"iceandfire:ice_dragon_heart":2,"born_in_chaos_v1:soulbane":1,"minecraft:furnace":5,"minecraft:raw_iron":38,"minecraft:tipped_arrow":1,"born_in_chaos_v1:spider_bite_sword":1,"minecraft:stick":36,"iceandfire:dragonbone":50,"born_in_chaos_v1:shattered_skull":4,"minecraft:torch":1,"minecraft:porkchop":12,"tameablebeasts:ice_chestplate":2,"born_in_chaos_v1:coffee_candy":14,"born_in_chaos_v1:nightmare_claw":1,"born_in_chaos_v1:pieceofdarkmetal":87,"born_in_chaos_v1:charmof_endurance":2,"iceandfire:dragon_skull_ice":3,"minecraft:arrow":16,"iceandfire:cyclops_eye":1,"minecraft:rotten_flesh":59,"born_in_chaos_v1:magical_holiday_candy":39,"alexscaves:spelunkery_table":1,"born_in_chaos_v1:spiny_shell":4,"born_in_chaos_v1:dark_ritual_dagger":1,"minecraft:mutton":6,"minecraft:cod":11,"minecraft:white_wool":3,"born_in_chaos_v1:gummy_vampire_teeth":12,"minecraft:cobblestone":46,"born_in_chaos_v1:fused_bone":6,"minecraft:enchanting_table":1,"born_in_chaos_v1:corpse_maggot":21,"minecraft:feather":2,"born_in_chaos_v1:monster_flesh":4,"born_in_chaos_v1:pumpkinhandgun":1,"minecraft:glow_ink_sac":1,"born_in_chaos_v1:spiritual_dust":5,"minecraft:birch_slab":1,"minecraft:salmon":2,"minecraft:leather":2,"born_in_chaos_v1:mint_ice_cream":2,"minecraft:potato":2,"alexsmobs:cachalot_whale_tooth":1,"iceandfire:ectoplasm":2,"minecraft:gunpowder":2,"minecraft:lapis_lazuli":8,"minecraft:dirt":13,"minecraft:white_banner":3,"born_in_chaos_v1:monster_skin":5,"minecraft:coast_armor_trim_smithing_template":2,"minecraft:bone":25,"born_in_chaos_v1:spider_mandible":5,"born_in_chaos_v1:intoxicating_dagger":1,"minecraft:bow":1,"minecraft:stonecutter":2,"minecraft:iron_ingot":2,"minecraft:stone_pickaxe":1,"minecraft:rabbit":3,"born_in_chaos_v1:mint_candy":21,"artifacts:obsidian_skull":1,"minecraft:sweet_berries":45,"born_in_chaos_v1:lifestealer_bone":4,"born_in_chaos_v1:orbofthe_summoner":1,"born_in_chaos_v1:ethereal_spirit":15,"born_in_chaos_v1:dark_rod":1,"minecraft:sand":1,"minecraft:spruce_sapling":33,"sophisticatedbackpacks:iron_backpack":1,"minecraft:blast_furnace":1,"tameablebeasts:ice_helmet":2,"minecraft:spruce_log":8,"minecraft:spider_eye":29,"minecraft:barrel":2,"alexsmobs:animal_dictionary":5,"minecraft:pumpkin_seeds":92,"minecraft:slime_ball":1,"tameablebeasts:icepop":2,"minecraft:stone_axe":2,"minecraft:iron_helmet":1,"minecraft:blue_ice":1,"minecraft:golden_apple":2,"iceandfire:ice_dragon_flesh":8,"alexsmobs:moose_ribs":2,"alexsmobs:maggot":2,"born_in_chaos_v1:rotten_fish":2,"minecraft:light_gray_carpet":3,"born_in_chaos_v1:pumpkin_bullet":20,"minecraft:coal":24},"minecraft:crafted":{"minecraft:wooden_sword":1,"born_in_chaos_v1:dark_metal_ingot":7,"born_in_chaos_v1:intoxicating_dagger":1,"minecraft:iron_boots":1,"born_in_chaos_v1:bone_handle":1,"minecraft:stone_pickaxe":1,"born_in_chaos_v1:pileof_dark_metal":6,"minecraft:crafting_table":2,"minecraft:spruce_planks":28,"minecraft:wooden_pickaxe":1,"minecraft:iron_helmet":1,"born_in_chaos_v1:spider_bite_sword":1,"minecraft:stone_axe":1,"minecraft:air":0,"minecraft:iron_chestplate":1,"minecraft:stick":8,"minecraft:iron_ingot":30,"minecraft:iron_leggings":1},"minecraft:killed_by":{"minecraft:pillager":2,"born_in_chaos_v1:decrepit_skeleton":1,"iceandfire:ghost":1},"minecraft:mined":{"alexscaves:spelunkery_table":1,"born_in_chaos_v1:dark_metal_deposit":8,"minecraft:grass_block":2,"minecraft:spruce_leaves":1,"minecraft:furnace":3,"minecraft:iron_ore":20,"minecraft:cobbled_deepslate":2,"minecraft:deepslate_lapis_ore":1,"minecraft:brown_bed":1,"minecraft:deepslate_iron_ore":18,"minecraft:vine":1,"minecraft:packed_ice":13,"iceandfire:frost_lily":2,"minecraft:stone":25,"minecraft:light_gray_carpet":1,"minecraft:powder_snow":18,"minecraft:crafting_table":2,"minecraft:blast_furnace":1,"minecraft:cobblestone":7,"minecraft:sugar_cane":2,"minecraft:wall_torch":1,"minecraft:white_carpet":1,"minecraft:spruce_log":7,"minecraft:grass":1,"minecraft:coal_ore":6,"minecraft:dirt":6,"minecraft:cobweb":6,"minecraft:stonecutter":2,"minecraft:deepslate":2},"minecraft:custom":{"minecraft:interact_with_anvil":2,"minecraft:mob_kills":237,"minecraft:animals_bred":7,"minecraft:interact_with_crafting_table":16,"minecraft:open_barrel":21,"minecraft:damage_dealt_resisted":3674,"minecraft:leave_game":7,"minecraft:time_since_death":48739,"minecraft:climb_one_cm":10908,"minecraft:sprint_one_cm":440725,"minecraft:walk_one_cm":923018,"minecraft:drop":57,"minecraft:damage_dealt_absorbed":40,"minecraft:talked_to_villager":1,"minecraft:play_time":382685,"minecraft:sneak_time":7879,"minecraft:deaths":5,"minecraft:walk_under_water_one_cm":28947,"minecraft:jump":3654,"minecraft:interact_with_brewingstand":3,"minecraft:interact_with_blast_furnace":7,"minecraft:walk_on_water_one_cm":36712,"minecraft:enchant_item":9,"minecraft:total_world_time":382685,"minecraft:interact_with_furnace":1,"minecraft:sleep_in_bed":5,"minecraft:time_since_rest":48780,"minecraft:damage_taken":2599,"minecraft:trigger_trapped_chest":2,"minecraft:damage_dealt":36465,"minecraft:swim_one_cm":17122,"minecraft:fly_one_cm":1224640,"minecraft:crouch_one_cm":12633,"minecraft:open_chest":48,"minecraft:fall_one_cm":42737,"minecraft:horse_one_cm":3279}},"DataVersion":3465}