{"stats":{"minecraft:killed":{"born_in_chaos_v1:zombie_clown":1,"minecraft:cave_spider":2,"born_in_chaos_v1:restless_spirit":1,"minecraft:spider":10,"born_in_chaos_v1:skeleton_thrasher_not_despawn":1,"born_in_chaos_v1:thornshell_crab":1,"born_in_chaos_v1:zombie_bruiser":1,"born_in_chaos_v1:baby_skeleton_minion":1,"born_in_chaos_v1:baby_spider":1,"minecraft:skeleton":4,"born_in_chaos_v1:supreme_bonescaller_stage_2":1,"born_in_chaos_v1:bone_imp_minion":6,"iceandfire:cyclops":1,"born_in_chaos_v1:baby_skeleton":1,"minecraft:salmon":2,"minecraft:creeper":1,"born_in_chaos_v1:decrepit_skeleton":1,"minecraft:pillager":1,"minecraft:zombie":6,"iceandfire:ghost":1,"born_in_chaos_v1:corpse_fly":2,"born_in_chaos_v1:bonescaller_not_despawn":2,"minecraft:stray":2,"alexsmobs:moose":1,"born_in_chaos_v1:nightmare_stalker":1},"minecraft:used":{"minecraft:stone_sword":93,"minecraft:spruce_planks":5,"minecraft:torch":76,"minecraft:dirt":7,"born_in_chaos_v1:black_argillite_n":2,"minecraft:spruce_fence":1,"minecraft:milk_bucket":1,"tameablebeasts:penguin_spawn_egg":5,"minecraft:goat_horn":1,"minecraft:potato":2,"minecraft:brown_bed":1,"minecraft:cooked_mutton":5,"born_in_chaos_v1:dark_metal_deposit":2,"minecraft:rabbit":1,"minecraft:stone_pickaxe":56,"tameablebeasts:giant_roly_poly_spawn_egg":1,"minecraft:wooden_pickaxe":30,"minecraft:crafting_table":3,"minecraft:iron_pickaxe":20,"minecraft:stone_axe":103,"minecraft:diamond_sword":42,"minecraft:wooden_sword":7,"minecraft:cobblestone":23,"born_in_chaos_v1:rotten_fish":1,"alexsmobs:spawn_egg_crow":2},"minecraft:dropped":{"minecraft:cod":1,"minecraft:dirt":1,"minecraft:torch":1,"minecraft:iron_axe":1,"born_in_chaos_v1:ethereal_spirit":5,"minecraft:white_carpet":1,"minecraft:light_gray_carpet":1,"minecraft:pumpkin_seeds":103,"minecraft:spider_eye":1,"minecraft:wooden_pickaxe":1},"minecraft:picked_up":{"minecraft:wheat":10,"minecraft:crafting_table":4,"minecraft:splash_potion":2,"born_in_chaos_v1:seedof_chaos":2,"minecraft:wooden_pickaxe":5,"minecraft:brown_bed":1,"minecraft:string":19,"minecraft:iron_axe":1,"minecraft:white_carpet":3,"born_in_chaos_v1:intoxicating_decoction":2,"minecraft:cobbled_deepslate":4,"minecraft:spruce_planks":39,"iceandfire:frost_lily":10,"born_in_chaos_v1:gnawed_bones":1,"minecraft:sugar_cane":10,"minecraft:furnace":5,"minecraft:tipped_arrow":1,"minecraft:raw_iron":38,"minecraft:stick":7,"iceandfire:dragonbone":34,"born_in_chaos_v1:shattered_skull":1,"tameablebeasts:ice_chestplate":1,"born_in_chaos_v1:nightmare_claw":1,"born_in_chaos_v1:pieceofdarkmetal":30,"iceandfire:dragon_skull_ice":2,"minecraft:rotten_flesh":29,"iceandfire:cyclops_eye":1,"minecraft:arrow":14,"alexscaves:spelunkery_table":1,"born_in_chaos_v1:spiny_shell":4,"minecraft:mutton":6,"minecraft:cod":10,"minecraft:cobblestone":46,"minecraft:white_wool":3,"born_in_chaos_v1:corpse_maggot":6,"minecraft:feather":1,"born_in_chaos_v1:monster_flesh":3,"born_in_chaos_v1:spiritual_dust":3,"minecraft:glow_ink_sac":1,"minecraft:salmon":2,"minecraft:leather":2,"minecraft:potato":2,"alexsmobs:cachalot_whale_tooth":1,"iceandfire:ectoplasm":2,"minecraft:gunpowder":2,"minecraft:lapis_lazuli":7,"minecraft:dirt":10,"minecraft:white_banner":3,"born_in_chaos_v1:monster_skin":4,"minecraft:bone":15,"minecraft:stonecutter":1,"minecraft:rabbit":3,"minecraft:sweet_berries":12,"born_in_chaos_v1:orbofthe_summoner":1,"born_in_chaos_v1:ethereal_spirit":5,"minecraft:spruce_sapling":16,"minecraft:blast_furnace":1,"tameablebeasts:ice_helmet":1,"minecraft:spruce_log":7,"minecraft:spider_eye":4,"alexsmobs:animal_dictionary":4,"minecraft:pumpkin_seeds":92,"tameablebeasts:icepop":2,"minecraft:stone_axe":2,"minecraft:golden_apple":2,"alexsmobs:moose_ribs":2,"born_in_chaos_v1:rotten_fish":2,"minecraft:light_gray_carpet":3,"minecraft:coal":24},"minecraft:crafted":{"minecraft:wooden_sword":1,"minecraft:stone_pickaxe":1,"minecraft:crafting_table":2,"minecraft:spruce_planks":28,"minecraft:wooden_pickaxe":1,"minecraft:stone_axe":1,"minecraft:stick":8},"minecraft:killed_by":{"minecraft:pillager":2,"iceandfire:ghost":1},"minecraft:mined":{"alexscaves:spelunkery_table":1,"minecraft:grass_block":2,"born_in_chaos_v1:dark_metal_deposit":8,"minecraft:spruce_leaves":1,"minecraft:furnace":3,"minecraft:iron_ore":20,"minecraft:cobbled_deepslate":2,"minecraft:deepslate_lapis_ore":1,"minecraft:brown_bed":1,"minecraft:deepslate_iron_ore":18,"minecraft:vine":1,"minecraft:packed_ice":13,"iceandfire:frost_lily":2,"minecraft:stone":25,"minecraft:light_gray_carpet":1,"minecraft:powder_snow":18,"minecraft:crafting_table":2,"minecraft:blast_furnace":1,"minecraft:cobblestone":7,"minecraft:sugar_cane":2,"minecraft:white_carpet":1,"minecraft:spruce_log":7,"minecraft:grass":1,"minecraft:coal_ore":6,"minecraft:dirt":6,"minecraft:cobweb":6,"minecraft:stonecutter":1,"minecraft:deepslate":2},"minecraft:custom":{"minecraft:mob_kills":67,"minecraft:interact_with_crafting_table":2,"minecraft:open_barrel":21,"minecraft:damage_dealt_resisted":1487,"minecraft:leave_game":5,"minecraft:time_since_death":146671,"minecraft:climb_one_cm":5470,"minecraft:sprint_one_cm":275817,"minecraft:walk_one_cm":287506,"minecraft:drop":29,"minecraft:damage_dealt_absorbed":40,"minecraft:talked_to_villager":1,"minecraft:play_time":214934,"minecraft:deaths":4,"minecraft:sneak_time":5639,"minecraft:walk_under_water_one_cm":18538,"minecraft:jump":2185,"minecraft:interact_with_brewingstand":3,"minecraft:walk_on_water_one_cm":27696,"minecraft:total_world_time":214934,"minecraft:interact_with_furnace":1,"minecraft:sleep_in_bed":2,"minecraft:time_since_rest":11233,"minecraft:damage_taken":1290,"minecraft:trigger_trapped_chest":2,"minecraft:damage_dealt":14836,"minecraft:swim_one_cm":15459,"minecraft:fly_one_cm":642199,"minecraft:open_chest":29,"minecraft:crouch_one_cm":9746,"minecraft:fall_one_cm":21290,"minecraft:horse_one_cm":3279}},"DataVersion":3465}