{"stats":{"minecraft:killed":{"born_in_chaos_v1:zombie_clown":1,"iceandfire:cyclops":1,"born_in_chaos_v1:restless_spirit":1,"minecraft:salmon":2,"minecraft:spider":2,"born_in_chaos_v1:thornshell_crab":1,"born_in_chaos_v1:zombie_bruiser":1,"born_in_chaos_v1:decrepit_skeleton":1,"born_in_chaos_v1:baby_spider":1,"minecraft:skeleton":3,"minecraft:pillager":1,"minecraft:zombie":3,"iceandfire:ghost":1,"born_in_chaos_v1:corpse_fly":2,"alexsmobs:moose":1},"minecraft:used":{"minecraft:cooked_mutton":4,"minecraft:stone_sword":85,"minecraft:rabbit":1,"minecraft:stone_pickaxe":56,"minecraft:wooden_pickaxe":30,"minecraft:spruce_planks":5,"minecraft:torch":71,"minecraft:dirt":7,"minecraft:crafting_table":3,"minecraft:iron_pickaxe":12,"tameablebeasts:penguin_spawn_egg":2,"minecraft:stone_axe":60,"minecraft:wooden_sword":7,"minecraft:cobblestone":23,"born_in_chaos_v1:rotten_fish":1,"minecraft:goat_horn":1,"minecraft:potato":2},"minecraft:dropped":{"minecraft:white_carpet":1,"minecraft:light_gray_carpet":1,"minecraft:pumpkin_seeds":32,"minecraft:cod":1,"minecraft:dirt":1,"minecraft:torch":1,"minecraft:spider_eye":1,"minecraft:wooden_pickaxe":1},"minecraft:picked_up":{"born_in_chaos_v1:corpse_maggot":6,"minecraft:wheat":10,"minecraft:crafting_table":4,"minecraft:splash_potion":2,"minecraft:glow_ink_sac":1,"minecraft:salmon":2,"minecraft:leather":2,"minecraft:wooden_pickaxe":5,"minecraft:potato":2,"minecraft:brown_bed":1,"alexsmobs:cachalot_whale_tooth":1,"iceandfire:ectoplasm":2,"minecraft:lapis_lazuli":7,"minecraft:dirt":10,"minecraft:string":9,"minecraft:white_banner":3,"born_in_chaos_v1:monster_skin":1,"born_in_chaos_v1:intoxicating_decoction":2,"minecraft:white_carpet":3,"minecraft:bone":1,"minecraft:stonecutter":1,"minecraft:cobbled_deepslate":4,"minecraft:spruce_planks":39,"iceandfire:frost_lily":10,"born_in_chaos_v1:gnawed_bones":1,"minecraft:rabbit":3,"minecraft:sugar_cane":10,"minecraft:furnace":5,"minecraft:raw_iron":38,"iceandfire:dragonbone":34,"minecraft:sweet_berries":12,"born_in_chaos_v1:ethereal_spirit":5,"minecraft:spruce_sapling":4,"minecraft:blast_furnace":1,"minecraft:spruce_log":7,"born_in_chaos_v1:pieceofdarkmetal":14,"minecraft:spider_eye":1,"alexsmobs:animal_dictionary":4,"iceandfire:dragon_skull_ice":2,"minecraft:pumpkin_seeds":24,"iceandfire:cyclops_eye":1,"minecraft:arrow":10,"minecraft:rotten_flesh":26,"minecraft:stone_axe":2,"alexscaves:spelunkery_table":1,"minecraft:golden_apple":2,"alexsmobs:moose_ribs":2,"born_in_chaos_v1:spiny_shell":4,"born_in_chaos_v1:rotten_fish":2,"minecraft:light_gray_carpet":3,"minecraft:mutton":6,"minecraft:cod":10,"minecraft:coal":24,"minecraft:white_wool":3,"minecraft:cobblestone":46},"minecraft:crafted":{"minecraft:wooden_sword":1,"minecraft:crafting_table":2,"minecraft:spruce_planks":28,"minecraft:wooden_pickaxe":1,"minecraft:stone_axe":1,"minecraft:stick":8,"minecraft:stone_pickaxe":1},"minecraft:killed_by":{"minecraft:pillager":2,"iceandfire:ghost":1},"minecraft:mined":{"alexscaves:spelunkery_table":1,"minecraft:light_gray_carpet":1,"minecraft:powder_snow":18,"minecraft:crafting_table":2,"minecraft:blast_furnace":1,"minecraft:grass_block":2,"minecraft:cobblestone":7,"minecraft:spruce_leaves":1,"minecraft:sugar_cane":2,"minecraft:furnace":3,"minecraft:iron_ore":20,"minecraft:cobbled_deepslate":2,"minecraft:white_carpet":1,"minecraft:spruce_log":7,"minecraft:deepslate_lapis_ore":1,"minecraft:brown_bed":1,"minecraft:grass":1,"minecraft:coal_ore":6,"minecraft:deepslate_iron_ore":18,"minecraft:vine":1,"minecraft:dirt":6,"minecraft:packed_ice":13,"minecraft:cobweb":6,"iceandfire:frost_lily":2,"minecraft:stonecutter":1,"minecraft:stone":25,"minecraft:deepslate":2},"minecraft:custom":{"minecraft:interact_with_furnace":1,"minecraft:mob_kills":36,"minecraft:interact_with_crafting_table":2,"minecraft:open_barrel":3,"minecraft:leave_game":4,"minecraft:time_since_death":72572,"minecraft:climb_one_cm":3155,"minecraft:time_since_rest":72609,"minecraft:sprint_one_cm":188622,"minecraft:damage_taken":1270,"minecraft:walk_one_cm":163945,"minecraft:trigger_trapped_chest":2,"minecraft:drop":8,"minecraft:damage_dealt":7403,"minecraft:swim_one_cm":15459,"minecraft:fly_one_cm":498678,"minecraft:open_chest":4,"minecraft:crouch_one_cm":6312,"minecraft:play_time":140835,"minecraft:sneak_time":4001,"minecraft:deaths":4,"minecraft:walk_under_water_one_cm":17546,"minecraft:interact_with_brewingstand":2,"minecraft:jump":1639,"minecraft:walk_on_water_one_cm":12603,"minecraft:total_world_time":140835,"minecraft:fall_one_cm":20872}},"DataVersion":3465}